card_identifier;name;rarity;magic_ink_colors;got_normal;got_foil
1;"Fru Fru";Commune;Ambre;0;0
2;Abuelita;Commune;Ambre;0;0
3;"Max Dingo";"Peu commune";Ambre;0;0
4;Gazelle;Commune;Ambre;0;0
5;Pat;Commune;Ambre;0;0
6;"Miriam Mendelsohn";"Peu commune";Ambre;0;0
7;"Priya Mangal";Commune;Ambre;0;0
8;Yax;"Peu commune";Ambre;0;0
9;"Judy Hopps";Commune;Ambre;0;0
10;"Miguel Rivera";Commune;Ambre;0;0
11;"Nick Wilde";Rare;Ambre;0;0
12;"Pat Junior";Commune;Ambre;0;0
13;"Monsieur Manchas";Commune;Ambre;0;0
14;"Nick Wilde";"Super rare";Ambre;0;0
15;Clawhauser;"Peu commune";Ambre;0;0
16;"Elisa Maza";"Peu commune";Ambre;0;0
17;Powerline;Légendaire;Ambre;0;0
18;Lionheart;Rare;Ambre;0;0
19;Aurore;Légendaire;Ambre;0;0
20;Russell;Rare;Ambre;0;0
21;"Miguel Rivera";Rare;Ambre;0;0
22;Dingo;Rare;Ambre;0;0
23;"Mickey Mouse";"Super rare";Ambre;0;0
24;"Judy Hopps";Rare;Ambre;0;0
25;"Nick Wilde";"Peu commune";Ambre;0;0
26;"Miguel Rivera";"Peu commune";Ambre;0;0
27;"Prends la route et oublie tes soucis";Rare;Ambre;0;0
28;"Never Too Far Apart";Rare;Ambre;0;0
29;"Ne m’oublie pas";"Super rare";Ambre;0;0
30;"Never Gonna Let You Cry";"Peu commune";Ambre;0;0
31;"Guitare ancestrale";Commune;Ambre;0;0
32;"Pile d’enceintes";Commune;Ambre;0;0
33;"Bénédiction de Mamá Imelda";Commune;Ambre;0;0
34;"Autorité portuaire";"Peu commune";Ambre;0;0
35;"Owen Burnett";Commune;Améthyste;0;0
36;Eurêka;"Peu commune";Améthyste;0;0
37;"David Xanatos";Commune;Améthyste;0;0
38;Lexington;Commune;Améthyste;0;0
39;Merlin;Commune;Améthyste;0;0
40;Pepita;"Peu commune";Améthyste;0;0
41;Archimède;Commune;Améthyste;0;0
42;"Tía Victoria";Commune;Améthyste;0;0
43;Dante;Commune;Améthyste;0;0
44;"Mamá Coco";Rare;Améthyste;0;0
45;"La Fée Clochette";Commune;Améthyste;0;0
46;"Madame Mime";Commune;Améthyste;0;0
47;"Ombre de Peter Pan";"Peu commune";Améthyste;0;0
48;Dante;"Peu commune";Améthyste;0;0
49;"Fox Xanatos";"Peu commune";Améthyste;0;0
50;Brooklyn;"Peu commune";Améthyste;0;0
51;"Mamá Imelda";Rare;Améthyste;0;0
52;Merlin;Rare;Améthyste;0;0
53;Goliath;Rare;Améthyste;0;0
54;Dante;"Super rare";Améthyste;0;0
55;Raiponce;Légendaire;Améthyste;0;0
56;Démona;"Super rare";Améthyste;0;0
57;Merlin;"Super rare";Améthyste;0;0
58;Archimède;Rare;Améthyste;0;0
59;"Madame Mime";Légendaire;Améthyste;0;0
60;"Tout le monde connaît Juanita";Commune;Améthyste;0;0
61;"Malice de Mime";Commune;Améthyste;0;0
62;"Higitus Figitus";Commune;Améthyste;0;0
63;"Un Poco Loco";Rare;Améthyste;0;0
64;"Magnifique, merveilleuse";"Peu commune";Améthyste;0;0
65;"Inspiration créative";Rare;Améthyste;0;0
66;"Baguette de Merlin";"Peu commune";Améthyste;0;0
67;"Roller Invocateur d’Encre";Rare;Améthyste;0;0
68;"Chez Merlin, boutique et forge";"Peu commune";Améthyste;0;0
69;César;Commune;Émeraude;0;0
70;"Don Carnage";Commune;Émeraude;0;0
71;"Hiro Hamada";"Peu commune";Émeraude;0;0
72;"Go Go Tomago";Commune;Émeraude;0;0
73;"Molly Cunningham";"Peu commune";Émeraude;0;0
74;Kit;Commune;Émeraude;0;0
75;Belle;"Peu commune";Émeraude;0;0
76;Fred;"Peu commune";Émeraude;0;0
77;"Capitaine Crochet";"Peu commune";Émeraude;0;0
78;Jock;Commune;Émeraude;0;0
79;Lady;"Peu commune";Émeraude;0;0
80;"Rebecca Cunningham";Commune;Émeraude;0;0
81;"Shere Khan";"Peu commune";Émeraude;0;0
82;Horace;Commune;Émeraude;0;0
83;"Shere Khan";"Super rare";Émeraude;0;0
84;"Bobby Zimmeruski";"Super rare";Émeraude;0;0
85;Baymax;Rare;Émeraude;0;0
86;Fred;Rare;Émeraude;0;0
87;"Lester l’opossum";"Peu commune";Émeraude;0;0
88;"Don Carnage";"Super rare";Émeraude;0;0
89;"Max Dingo";Légendaire;Émeraude;0;0
90;Belle;Légendaire;Émeraude;0;0
91;Fred;Commune;Émeraude;0;0
92;Minnie;Commune;Émeraude;0;0
93;"Honey Lemon";Rare;Émeraude;0;0
94;"Largage aérien";Commune;Émeraude;0;0
95;"Above the Crowd";Rare;Émeraude;0;0
96;"Voilà Super Baloo";Commune;Émeraude;0;0
97;"Ce sont les affaires";Rare;Émeraude;0;0
98;"Provocation désinvolte";Commune;Émeraude;0;0
99;"Réaction chimique";"Peu commune";Émeraude;0;0
100;"Guide touristique de Belle";Rare;Émeraude;0;0
101;"Tour de Pise";Rare;Émeraude;0;0
102;"Le Haricot magique";Rare;Émeraude;0;0
103;Heihei;Commune;Rubis;0;0
104;"Abby Park";Commune;Rubis;0;0
105;Dingo;Rare;Rubis;0;0
106;"Héctor Rivera";Légendaire;Rubis;0;0
107;Yama;"Peu commune";Rubis;0;0
108;"Abigail Callaghan";Commune;Rubis;0;0
109;Pepita;Commune;Rubis;0;0
110;Donald;Commune;Rubis;0;0
111;Dingo;Commune;Rubis;0;0
112;"Tadashi Hamada";"Peu commune";Rubis;0;0
113;"Cruella d'Enfer";Commune;Rubis;0;0
114;Jasper;"Peu commune";Rubis;0;0
115;Peg;Commune;Rubis;0;0
116;Stacey;"Peu commune";Rubis;0;0
117;"Héctor Rivera";"Peu commune";Rubis;0;0
118;"Ernesto de la Cruz";Commune;Rubis;0;0
119;Pepita;"Super rare";Rubis;0;0
120;"Ernesto de la Cruz";Rare;Rubis;0;0
121;"Héctor Rivera";Rare;Rubis;0;0
122;Clochard;Rare;Rubis;0;0
123;"Meilin Lee";Commune;Rubis;0;0
124;Roxane;Rare;Rubis;0;0
125;Wasabi;"Super rare";Rubis;0;0
126;"Madame de Trémaine";"Super rare";Rubis;0;0
127;Mulan;Légendaire;Rubis;0;0
128;"Tactiques d'intimidation";"Peu commune";Rubis;0;0
129;"Repousser les limites";"Peu commune";Rubis;0;0
130;"Elle jette tant de sorts";"Peu commune";Rubis;0;0
131;"Je vais devoir m’en aller";Rare;Rubis;0;0
132;"Photo de la famille Rivera";Commune;Rubis;0;0
133;"Le coin déchiré";Rare;Rubis;0;0
134;Jukebox;Rare;Rubis;0;0
135;"Royaume des ancêtres";"Peu commune";Rubis;0;0
136;"Khan Stadium";Commune;Rubis;0;0
137;"Carl Fredricksen";Commune;Saphir;0;0
138;Cendrillon;Commune;Saphir;0;0
139;Wasabi;"Peu commune";Saphir;0;0
140;Baymax;Commune;Saphir;0;0
141;"Roi Louie";Commune;Saphir;0;0
142;Lafayette;"Peu commune";Saphir;0;0
143;"Amélie & Amélia";Commune;Saphir;0;0
144;"Honey Lemon";"Peu commune";Saphir;0;0
145;"Go Go Tomago";"Peu commune";Saphir;0;0
146;"Madame Mime";Commune;Saphir;0;0
147;Lionheart;"Peu commune";Saphir;0;0
148;Priscilla;Rare;Saphir;0;0
149;Daisy;Commune;Saphir;0;0
150;"Hiro Hamada";Commune;Saphir;0;0
151;"Honey Lemon";Commune;Saphir;0;0
152;"Thomas O’Malley";"Super rare";Saphir;0;0
153;Duchesse;Rare;Saphir;0;0
154;"Judy Hopps";Rare;Saphir;0;0
155;Minnie;"Super rare";Saphir;0;0
156;Ariel;Légendaire;Saphir;0;0
157;Cendrillon;"Super rare";Saphir;0;0
158;Baymax;Légendaire;Saphir;0;0
159;Bellwether;Rare;Saphir;0;0
160;Clarabelle;"Peu commune";Saphir;0;0
161;"Doug Ramses";Commune;Saphir;0;0
162;"La fin de l’obscurantisme";Rare;Saphir;0;0
163;"Tout semble auprès de lui très démodé";Commune;Saphir;0;0
164;"Recherche intensive";Rare;Saphir;0;0
165;"Du balai !";"Peu commune";Saphir;0;0
166;"Boule chimique aveuglante";"Peu commune";Saphir;0;0
167;"Prototype de boule chimique";Commune;Saphir;0;0
168;"Heaume à longue-vue";Rare;Saphir;0;0
169;"Nano-Sac amélioré";Rare;Saphir;0;0
170;"Institut de Technologie";"Peu commune";Saphir;0;0
171;Flash;Rare;Acier;0;0
172;Arthur;Rare;Acier;0;0
173;"Edgar Balthazar";Commune;Acier;0;0
174;Kit;Commune;Acier;0;0
175;Tic-Tac;"Peu commune";Acier;0;0
176;Tiana;Commune;Acier;0;0
177;Raya;Rare;Acier;0;0
178;"Woolter le bélier & Jessie le bélier";"Peu commune";Acier;0;0
179;Napoléon;Commune;Acier;0;0
180;Turbo;Commune;Acier;0;0
181;"Seigneur Kay";Commune;Acier;0;0
182;Toulouse;"Peu commune";Acier;0;0
183;"Chef Bogo";"Peu commune";Acier;0;0
184;"Seigneur Pélinore";"Peu commune";Acier;0;0
185;Arthur;Commune;Acier;0;0
186;Berlioz;Rare;Acier;0;0
187;Marie;Rare;Acier;0;0
188;Baloo;"Peu commune";Acier;0;0
189;Koslov;Commune;Acier;0;0
190;"Seigneur Hector";"Peu commune";Acier;0;0
191;Baloo;Commune;Acier;0;0
192;Kit;"Super rare";Acier;0;0
193;Arthur;"Super rare";Acier;0;0
194;"Mister Big";"Super rare";Acier;0;0
195;"Shere Khan";Légendaire;Acier;0;0
196;Tiana;Légendaire;Acier;0;0
197;"Joute équestre";Rare;Acier;0;0
198;"Explosion d’encre";Commune;Acier;0;0
199;"Livraison Khan Transport";Commune;Acier;0;0
200;"Je travaillerai sans trêve";Rare;Acier;0;0
201;"Express d’Hyperia City";"Peu commune";Acier;0;0
202;"Avion pirate";"Peu commune";Acier;0;0
203;"Gare centrale";Commune;Acier;0;0
204;"Industries Khan";Rare;Acier;0;0
205;"Nick Wilde";Épique;Ambre;0;0
206;"Judy Hopps";Épique;Ambre;0;0
207;"Guitare ancestrale";Épique;Ambre;0;0
208;Dante;Épique;Améthyste;0;0
209;"La Fée Clochette";Épique;Améthyste;0;0
210;Archimède;Épique;Améthyste;0;0
211;"Go Go Tomago";Épique;Émeraude;0;0
212;Belle;Épique;Émeraude;0;0
213;Baymax;Épique;Émeraude;0;0
214;"Meilin Lee";Épique;Rubis;0;0
215;"Héctor Rivera";Épique;Rubis;0;0
216;"Je vais devoir m’en aller";Épique;Rubis;0;0
217;Daisy;Épique;Saphir;0;0
218;Wasabi;Épique;Saphir;0;0
219;Priscilla;Épique;Saphir;0;0
220;Tiana;Épique;Acier;0;0
221;Toulouse;Épique;Acier;0;0
222;Flash;Épique;Acier;0;0
223;Aurore;Enchantée;Ambre;0;0
224;"Miguel Rivera";Enchantée;Ambre;0;0
225;"Ne m’oublie pas";Enchantée;Ambre;0;0
226;Raiponce;Enchantée;Améthyste;0;0
227;Merlin;Enchantée;Améthyste;0;0
228;"Un Poco Loco";Enchantée;Améthyste;0;0
229;"Max Dingo";Enchantée;Émeraude;0;0
230;Belle;Enchantée;Émeraude;0;0
231;"Shere Khan";Enchantée;Émeraude;0;0
232;"Héctor Rivera";Enchantée;Rubis;0;0
233;Pepita;Enchantée;Rubis;0;0
234;Mulan;Enchantée;Rubis;0;0
235;"Thomas O’Malley";Enchantée;Saphir;0;0
236;Ariel;Enchantée;Saphir;0;0
237;Baymax;Enchantée;Saphir;0;0
238;Marie;Enchantée;Acier;0;0
239;Tiana;Enchantée;Acier;0;0
240;Raya;Enchantée;Acier;0;0
241;"Mickey Mouse";Iconique;Ambre;0;0
242;Cendrillon;Iconique;Saphir;0;0
"FR 14";"Goutte d’encre";;;0;0
"FR 14";"Goutte d’encre";;;0;0
